[
   {
      "id": "120363041609749989@g.us",
      "key": "Store",
      "response": "*➛ STORE ID MY LEXXY 🏷️*\n_❏ Jasarun : 30K/Bulan_\n_❏ Script Bot : 35k Fitur450+_\n_❏ Sewa Bot : 10K/Minggu_\n_❏ Jasa Up Sc Ke Github : 15K_\n_❏ Jual Rdp : 35k - 190k_\n\n➛ *Keuntungan Jasa Run 🛡️*\n_⊳ Tinggal Scan_\n_⊳ Online 24 Jam_\n_⊳ Fast Respon_\n_⊳ Data Mati Tetep Online_\n_⊳ Bot No Internet_\n_⊳ Anti Delay_\n_⊳ Hemat Kuota_\n_⊳ Bisa Req NamaBot & Owner_\n\n*Pembayaran  Via 💳*\n_Dana/Ovo/Bank/Qris_",
      "isImage": false,
      "image_url": "-"
   }
]